logged_at,run_id,model,candidate,params,cv_roc_auc_mean,cv_roc_auc_std,cv_pr_auc_mean,cv_pr_auc_std,fit_time_sec,rank_roc_auc,is_best
2026-08-20T16:56:54+00:00,20260820T164729Z,logistic_regression,0,"{""C"": 9.348728, ""class_weight"": ""balanced"", ""l1_ratio"": 0.85}",0.8669130074250375,0.005462069600356478,0.7103745287177097,0.01162861380236281,0.9328990936279297,8,False
2026-08-20T16:56:54+00:00,20260820T164729Z,logistic_regression,1,"{""C"": 0.01772, ""class_weight"": null, ""l1_ratio"": 0.5}",0.8647617721342711,0.004576545977518746,0.7063316317729236,0.011332735123916913,0.25779314041137696,14,False
2026-08-20T16:56:54+00:00,20260820T164729Z,logistic_regression,2,"{""C"": 7.567838, ""class_weight"": ""balanced"", ""l1_ratio"": 0.0}",0.8669025629988797,0.0054491296304593016,0.710328305251554,0.011589168798124737,0.3670928955078125,10,False
2026-08-20T16:56:54+00:00,20260820T164729Z,logistic_regression,3,"{""C"": 0.151811, ""class_weight"": null, ""l1_ratio"": 0.15}",0.8670614448755847,0.005473880817411979,0.7114012228134795,0.011525309589557355,1.1184957027435303,2,False
2026-08-20T16:56:54+00:00,20260820T164729Z,logistic_regression,4,"{""C"": 15.315838, ""class_weight"": ""balanced"", ""l1_ratio"": 1.0}",0.8669114249362257,0.005458144393266071,0.7103504910219046,0.011600769878870798,0.5177178382873535,9,False
2026-08-20T16:56:54+00:00,20260820T164729Z,logistic_regression,5,"{""C"": 0.003485, ""class_weight"": ""balanced"", ""l1_ratio"": 0.15}",0.8600902651618252,0.003839586496006546,0.6975045213650095,0.010598656340922625,0.21337308883666992,16,False
2026-08-20T16:56:54+00:00,20260820T164729Z,logistic_regression,6,"{""C"": 80.00056, ""class_weight"": null, ""l1_ratio"": 0.85}",0.8669551016274314,0.00576831636841178,0.711628389599517,0.011716047375622063,0.5400198936462403,4,False
2026-08-20T16:56:54+00:00,20260820T164729Z,logistic_regression,7,"{""C"": 3.075116, ""class_weight"": ""balanced"", ""l1_ratio"": 1.0}",0.8669215528646212,0.005465385376320136,0.7104809371872147,0.011638736143563495,4.154017972946167,7,False
2026-08-20T16:56:54+00:00,20260820T164729Z,logistic_regression,8,"{""C"": 21.670596, ""class_weight"": null, ""l1_ratio"": 0.15}",0.8669570006140056,0.00576596462574818,0.7116213756167095,0.011703373390791189,0.5933843135833741,3,False
2026-08-20T16:56:54+00:00,20260820T164729Z,logistic_regression,9,"{""C"": 0.458748, ""class_weight"": null, ""l1_ratio"": 0.5}",0.8670791687502769,0.005591291463977455,0.7118069285532009,0.01164569353750907,1.8607501983642578,1,True
2026-08-20T16:56:54+00:00,20260820T164729Z,logistic_regression,10,"{""C"": 38.205716, ""class_weight"": null, ""l1_ratio"": 1.0}",0.8669547851296692,0.005762448136716368,0.7116292977022972,0.011702129936809564,0.5331516265869141,5,False
2026-08-20T16:56:54+00:00,20260820T164729Z,logistic_regression,11,"{""C"": 0.012513, ""class_weight"": null, ""l1_ratio"": 0.85}",0.8612983371207565,0.004525076814185062,0.7023821651549689,0.011961267195009718,0.17412500381469725,15,False
2026-08-20T16:56:54+00:00,20260820T164729Z,logistic_regression,12,"{""C"": 0.018749, ""class_weight"": null, ""l1_ratio"": 0.15}",0.8657998847948145,0.00458365772983251,0.7080670869522269,0.011443195181896659,0.3979593276977539,13,False
2026-08-20T16:56:54+00:00,20260820T164729Z,logistic_regression,13,"{""C"": 0.879217, ""class_weight"": ""balanced"", ""l1_ratio"": 0.15}",0.8669297818064428,0.005425288691672355,0.7104560044850871,0.011523349537453305,0.8975214958190918,6,False
2026-08-20T16:56:54+00:00,20260820T164729Z,logistic_regression,14,"{""C"": 0.068026, ""class_weight"": ""balanced"", ""l1_ratio"": 1.0}",0.866389836623855,0.0046701692347746755,0.7094411229680546,0.011306542819886396,0.20571293830871581,11,False
2026-08-20T16:56:54+00:00,20260820T164729Z,logistic_regression,15,"{""C"": 0.054779, ""class_weight"": ""balanced"", ""l1_ratio"": 0.85}",0.8662876078466125,0.0046336528439048785,0.7090750829203465,0.011453928375227282,0.41407241821289065,12,False
2026-08-20T16:56:54+00:00,20260820T164729Z,random_forest,0,"{""class_weight"": ""balanced"", ""max_depth"": 5, ""max_features"": 0.4, ""min_samples_leaf"": 4, ""n_estimators"": 482}",0.8603273219858336,0.003483180114683895,0.6934964920171204,0.01561524888137809,5.051863527297973,10,False
2026-08-20T16:56:54+00:00,20260820T164729Z,random_forest,1,"{""class_weight"": ""balanced_subsample"", ""max_depth"": 11, ""max_features"": 0.4, ""min_samples_leaf"": 39, ""n_estimators"": 431}",0.8628083479449801,0.003629497148964799,0.6993104243668107,0.01492766495382999,6.792245721817016,2,False
2026-08-20T16:56:54+00:00,20260820T164729Z,random_forest,2,"{""class_weight"": null, ""max_depth"": 4, ""max_features"": 0.4, ""min_samples_leaf"": 18, ""n_estimators"": 351}",0.8584061805683035,0.003810343211820684,0.6923112945235487,0.01498103465736872,4.846127510070801,11,False
2026-08-20T16:56:54+00:00,20260820T164729Z,random_forest,3,"{""class_weight"": ""balanced_subsample"", ""max_depth"": 13, ""max_features"": ""sqrt"", ""min_samples_leaf"": 6, ""n_estimators"": 206}",0.8616626260452339,0.0036969015060045567,0.6971371909270621,0.013293981028127703,2.124940586090088,7,False
2026-08-20T16:56:54+00:00,20260820T164729Z,random_forest,4,"{""class_weight"": ""balanced_subsample"", ""max_depth"": 13, ""max_features"": 0.4, ""min_samples_leaf"": 24, ""n_estimators"": 513}",0.8627899910747632,0.003691342913684134,0.700368708923054,0.013754643223563203,9.60945405960083,3,False
2026-08-20T16:56:54+00:00,20260820T164729Z,random_forest,5,"{""class_weight"": ""balanced_subsample"", ""max_depth"": 18, ""max_features"": ""sqrt"", ""min_samples_leaf"": 7, ""n_estimators"": 459}",0.8614436095936802,0.004131698821855063,0.69660754514077,0.014533506490864758,8.894947290420532,8,False
2026-08-20T16:56:54+00:00,20260820T164729Z,random_forest,6,"{""class_weight"": ""balanced"", ""max_depth"": 7, ""max_features"": 0.4, ""min_samples_leaf"": 22, ""n_estimators"": 271}",0.8629289335924394,0.0035687195811573017,0.6995168148424294,0.014553401219758667,3.585431671142578,1,True
2026-08-20T16:56:54+00:00,20260820T164729Z,random_forest,7,"{""class_weight"": ""balanced"", ""max_depth"": 6, ""max_features"": ""log2"", ""min_samples_leaf"": 36, ""n_estimators"": 570}",0.8607219946954976,0.003523590071249442,0.6942077723526341,0.015015022598626054,2.916746234893799,9,False
2026-08-20T16:56:54+00:00,20260820T164729Z,random_forest,8,"{""class_weight"": ""balanced_subsample"", ""max_depth"": 14, ""max_features"": ""sqrt"", ""min_samples_leaf"": 28, ""n_estimators"": 388}",0.8626576950100961,0.0034467948140859154,0.6977831236983185,0.014204789193626279,3.337825584411621,4,False
2026-08-20T16:56:54+00:00,20260820T164729Z,random_forest,9,"{""class_weight"": ""balanced_subsample"", ""max_depth"": 15, ""max_features"": 0.4, ""min_samples_leaf"": 14, ""n_estimators"": 214}",0.8621126858633108,0.003948530163642053,0.6981686419017347,0.014711740914462123,3.572778654098511,5,False
2026-08-20T16:56:54+00:00,20260820T164729Z,random_forest,10,"{""class_weight"": ""balanced_subsample"", ""max_depth"": 19, ""max_features"": 0.4, ""min_samples_leaf"": 13, ""n_estimators"": 295}",0.8618531576981752,0.004107192376748753,0.6978160703572425,0.013707580976894404,5.132962417602539,6,False
2026-08-20T16:56:54+00:00,20260820T164729Z,random_forest,11,"{""class_weight"": ""balanced"", ""max_depth"": 13, ""max_features"": 0.4, ""min_samples_leaf"": 4, ""n_estimators"": 587}",0.8582140664265502,0.004299733684031933,0.6911550390352994,0.013708908434669554,10.107346534729004,12,False
2026-08-20T16:56:54+00:00,20260820T164729Z,gradient_boosting,0,"{""learning_rate"": 0.1718, ""max_depth"": 3, ""min_samples_leaf"": 16, ""n_estimators"": 230, ""subsample"": 0.782908}",0.8555307983972552,0.00385223904165116,0.684584069232739,0.007076133550948641,3.9619184494018556,8,False
2026-08-20T16:56:54+00:00,20260820T164729Z,gradient_boosting,1,"{""learning_rate"": 0.163469, ""max_depth"": 3, ""min_samples_leaf"": 49, ""n_estimators"": 234, ""subsample"": 0.814653}",0.8568895232910704,0.005762658541323183,0.687314285498086,0.012940003750714338,6.461523056030273,7,False
2026-08-20T16:56:54+00:00,20260820T164729Z,gradient_boosting,2,"{""learning_rate"": 0.172765, ""max_depth"": 3, ""min_samples_leaf"": 33, ""n_estimators"": 160, ""subsample"": 0.968815}",0.8618585381601351,0.004838537361614155,0.6984530142475179,0.012411835839430979,3.251346778869629,6,False
2026-08-20T16:56:54+00:00,20260820T164729Z,gradient_boosting,3,"{""learning_rate"": 0.026826, ""max_depth"": 3, ""min_samples_leaf"": 24, ""n_estimators"": 250, ""subsample"": 0.645001}",0.8680660087733181,0.0035724607501858166,0.7126536292788408,0.012551419054163963,3.521470308303833,2,False
2026-08-20T16:56:54+00:00,20260820T164729Z,gradient_boosting,4,"{""learning_rate"": 0.045721, ""max_depth"": 3, ""min_samples_leaf"": 13, ""n_estimators"": 377, ""subsample"": 0.943461}",0.8655615619797569,0.004436343998157603,0.7070299619603432,0.01149646435747698,9.499494457244873,4,False
2026-08-20T16:56:54+00:00,20260820T164729Z,gradient_boosting,5,"{""learning_rate"": 0.05116, ""max_depth"": 2, ""min_samples_leaf"": 17, ""n_estimators"": 365, ""subsample"": 0.799203}",0.8681829546965103,0.004683645744661798,0.7125513686871636,0.012703551541700057,5.5892048358917235,1,True
2026-08-20T16:56:54+00:00,20260820T164729Z,gradient_boosting,6,"{""learning_rate"": 0.084544, ""max_depth"": 4, ""min_samples_leaf"": 44, ""n_estimators"": 126, ""subsample"": 0.738442}",0.8641965071306947,0.0040414022501712174,0.7008725644964153,0.009718366680623909,2.5955482482910157,5,False
2026-08-20T16:56:54+00:00,20260820T164729Z,gradient_boosting,7,"{""learning_rate"": 0.029111, ""max_depth"": 2, ""min_samples_leaf"": 24, ""n_estimators"": 277, ""subsample"": 0.835528}",0.8678993727014351,0.003454365091877218,0.7127576002870895,0.012151982375027863,3.5330930233001707,3,False
2026-08-20T16:56:54+00:00,20260820T164729Z,hist_gradient_boosting,0,"{""l2_regularization"": 0.934873, ""learning_rate"": 0.012883, ""max_features"": 0.678242, ""max_iter"": 280, ""max_leaf_nodes"": 34, ""min_samples_leaf"": 44}",0.8641702378164187,0.0038227551735003206,0.7073344767202067,0.009161572968856163,1.1531839847564698,4,False
2026-08-20T16:56:54+00:00,20260820T164729Z,hist_gradient_boosting,1,"{""l2_regularization"": 0.756784, ""learning_rate"": 0.010809, ""max_features"": 0.757168, ""max_iter"": 284, ""max_leaf_nodes"": 24, ""min_samples_leaf"": 73}",0.8651550206040042,0.004032512994108051,0.7081088036220515,0.010418563824386681,1.0397006511688232,2,False
2026-08-20T16:56:54+00:00,20260820T164729Z,hist_gradient_boosting,2,"{""l2_regularization"": 0.957402, ""learning_rate"": 0.01501, ""max_features"": 0.939526, ""max_iter"": 154, ""max_leaf_nodes"": 14, ""min_samples_leaf"": 32}",0.863803733407605,0.0042171665752728515,0.7030855665773164,0.01326197464025682,0.5226667881011963,6,False
2026-08-20T16:56:54+00:00,20260820T164729Z,hist_gradient_boosting,3,"{""l2_regularization"": 0.017339, ""learning_rate"": 0.018974, ""max_features"": 0.990309, ""max_iter"": 154, ""max_leaf_nodes"": 13, ""min_samples_leaf"": 13}",0.8643473183144594,0.004243954933062345,0.7053293082764021,0.01336665923502171,0.49471244812011717,3,False
2026-08-20T16:56:54+00:00,20260820T164729Z,hist_gradient_boosting,4,"{""l2_regularization"": 0.307512, ""learning_rate"": 0.01372, ""max_features"": 0.893943, ""max_iter"": 221, ""max_leaf_nodes"": 17, ""min_samples_leaf"": 12}",0.8640589888529489,0.004067087580161308,0.7054622036864726,0.010792008068702291,0.739285659790039,5,False
2026-08-20T16:56:54+00:00,20260820T164729Z,hist_gradient_boosting,5,"{""l2_regularization"": 0.402457, ""learning_rate"": 0.014804, ""max_features"": 0.612552, ""max_iter"": 484, ""max_leaf_nodes"": 28, ""min_samples_leaf"": 36}",0.8631476335462308,0.003003804446873449,0.7054085486381115,0.007799031190720554,1.6985214233398438,8,False
2026-08-20T16:56:54+00:00,20260820T164729Z,hist_gradient_boosting,6,"{""l2_regularization"": 0.005377, ""learning_rate"": 0.016023, ""max_features"": 0.968138, ""max_iter"": 581, ""max_leaf_nodes"": 30, ""min_samples_leaf"": 57}",0.8604887358446376,0.0046975718690289376,0.6998663151491937,0.010693393493743148,2.1576165199279784,9,False
2026-08-20T16:56:54+00:00,20260820T164729Z,hist_gradient_boosting,7,"{""l2_regularization"": 0.037727, ""learning_rate"": 0.07409, ""max_features"": 0.8372, ""max_iter"": 312, ""max_leaf_nodes"": 10, ""min_samples_leaf"": 13}",0.8596810335550927,0.004139822478122395,0.6955285090400324,0.006416233107467319,0.6926409244537354,10,False
2026-08-20T16:56:54+00:00,20260820T164729Z,hist_gradient_boosting,8,"{""l2_regularization"": 4.36628, ""learning_rate"": 0.032631, ""max_features"": 0.663405, ""max_iter"": 194, ""max_leaf_nodes"": 29, ""min_samples_leaf"": 43}",0.8635464207268054,0.0039455990663450485,0.7052483410450827,0.007946207702842822,0.8254988193511963,7,False
2026-08-20T16:56:54+00:00,20260820T164729Z,hist_gradient_boosting,9,"{""l2_regularization"": 0.001062, ""learning_rate"": 0.142092, ""max_features"": 0.838724, ""max_iter"": 296, ""max_leaf_nodes"": 53, ""min_samples_leaf"": 33}",0.8391371638002519,0.00393035854397182,0.6662564892033114,0.005630079777300237,1.4266012191772461,14,False
2026-08-20T16:56:54+00:00,20260820T164729Z,hist_gradient_boosting,10,"{""l2_regularization"": 0.011854, ""learning_rate"": 0.038039, ""max_features"": 0.556534, ""max_iter"": 335, ""max_leaf_nodes"": 61, ""min_samples_leaf"": 44}",0.8508836617525114,0.0027488287091845106,0.6817184413070021,0.006353804189151219,1.8760764598846436,12,False
2026-08-20T16:56:54+00:00,20260820T164729Z,hist_gradient_boosting,11,"{""l2_regularization"": 0.058386, ""learning_rate"": 0.182856, ""max_features"": 0.504206, ""max_iter"": 463, ""max_leaf_nodes"": 12, ""min_samples_leaf"": 54}",0.8398470682812273,0.002197792548930079,0.6592633758965096,0.005621500324941697,0.915690565109253,13,False
2026-08-20T16:56:54+00:00,20260820T164729Z,hist_gradient_boosting,12,"{""l2_regularization"": 0.003268, ""learning_rate"": 0.067742, ""max_features"": 0.530632, ""max_iter"": 325, ""max_leaf_nodes"": 24, ""min_samples_leaf"": 50}",0.85219459548421,0.0033998425635245496,0.6836759548598164,0.00782862941074523,0.9657476425170899,11,False
2026-08-20T16:56:54+00:00,20260820T164729Z,hist_gradient_boosting,13,"{""l2_regularization"": 0.001228, ""learning_rate"": 0.017836, ""max_features"": 0.829472, ""max_iter"": 450, ""max_leaf_nodes"": 14, ""min_samples_leaf"": 59}",0.8659913659410428,0.0037078448916561977,0.7089212956776005,0.0093493234092658,1.1374692916870117,1,True
2026-08-20T16:56:54+00:00,20260820T164729Z,stacking_ensemble,0,"{""final_estimator__C"": 9.348728, ""final_estimator__class_weight"": ""balanced""}",0.8674959963033061,0.0041807311378069326,0.7124639134018581,0.013174635668766031,18.12408423423767,3,False
2026-08-20T16:56:54+00:00,20260820T164729Z,stacking_ensemble,1,"{""final_estimator__C"": 41.915585, ""final_estimator__class_weight"": ""balanced""}",0.8674694104912678,0.004193449329808724,0.712399028351071,0.013264541938537908,18.26484098434448,4,False
2026-08-20T16:56:54+00:00,20260820T164729Z,stacking_ensemble,2,"{""final_estimator__C"": 3.214343, ""final_estimator__class_weight"": null}",0.8678457263307149,0.004100492731473942,0.7132676503763211,0.013059962020836025,17.875270318984985,1,True
2026-08-20T16:56:54+00:00,20260820T164729Z,stacking_ensemble,3,"{""final_estimator__C"": 7.567838, ""final_estimator__class_weight"": ""balanced""}",0.8675029592540782,0.00417232675158763,0.7124844405249673,0.0131868521062874,18.319740200042723,2,False
