feature,importance_mean,importance_std
tenure_months,0.17977118290274857,0.005982983535237384
contract_type,0.1097520291424206,0.006913002765814926
num_support_tickets,0.013176753383517661,0.0009508616747780081
monthly_charges,0.011780231815745626,0.0020450818509203904
last_login_days,0.006210448737919233,0.0013224109806432357
total_charges,0.004516269305401305,0.0008771172494111904
internet_service,0.002456086743809427,0.0005549838208870186
payment_method,0.0019323911558948442,0.0002934161883642297
num_dependents,0.0008293982598155669,0.0005244401073903825
region,0.0006906431346327124,0.0001828867660218001
is_senior,0.0003336815144854288,0.00019880251579901522
avg_monthly_usage_gb,0.00016167926592620951,0.00024561136729305655
churn_risk_score_v0,3.709154449471619e-05,0.0001190351583685002
has_streaming,-3.0897754915090725e-05,0.0001335133255541714
account_flagged_for_review,-5.332354477279033e-05,3.660614179289045e-05
