threshold,precision,recall,f1,contact_rate,expected_value,ev_per_customer,ev_per_customer_se,uplift_vs_do_nothing
0.05,0.33703025734898245,0.9821148415437716,0.5018438351771685,0.7739166666666667,-1510100.0,-125.84166666666667,1.3939067920785895,83400.0
0.06,0.3717794365518902,0.968936303733919,0.5373705733924998,0.6921666666666667,-1468400.0,-122.36666666666666,1.4249418900903863,125100.0
0.07,0.3979419043897356,0.9585817383118921,0.5624079528718704,0.63975,-1442725.0,-120.22708333333334,1.4451422878635678,150775.0
0.08,0.4161259146762391,0.945716975211798,0.5779482262703739,0.6035833333333334,-1428200.0,-119.01666666666667,1.4618108284985443,165300.0
0.09,0.4303833957912943,0.9369312833385629,0.5898271604938271,0.5781666666666667,-1417850.0,-118.15416666666667,1.4732273000490141,175650.0
0.1,0.4433608402100525,0.9272042673360528,0.5998781973203411,0.5554166666666667,-1409625.0,-117.46875,1.48431949132113,183875.0
0.11,0.45565081839438815,0.9171634766237842,0.6088314934388669,0.5345833333333333,-1402725.0,-116.89375,1.494977491988844,190775.0
0.12,0.46578650780872644,0.9077502353310323,0.6156629070014896,0.5175833333333333,-1397775.0,-116.48125,1.5042433008090128,195725.0
0.13,0.47498343273691185,0.8995920928773141,0.6217066030575734,0.503,-1393575.0,-116.13125,1.5121824933775567,199925.0
0.14,0.48338728914636225,0.8901788515845623,0.6265459363957597,0.4890833333333333,-1390475.0,-115.87291666666667,1.5205592821673553,203025.0
0.15,0.49113257243195785,0.8776278631942266,0.6298131051564962,0.47458333333333336,-1388775.0,-115.73125,1.5306511255101407,204725.0
0.16,0.4999093710349828,0.8653906495136492,0.6337316176470589,0.45975,-1386700.0,-115.55833333333334,1.5405964537942853,206800.0
0.17,0.5093005952380952,0.8591151553184814,0.6394955039121804,0.448,-1383150.0,-115.2625,1.546680203247187,210350.0
0.18,0.5163747143945163,0.8509570128647631,0.642730181301102,0.43766666666666665,-1381500.0,-115.125,1.5533538254131212,212000.0
0.19,0.5247756535310183,0.8440539692500785,0.6471791170455913,0.42716666666666664,-1379050.0,-114.92083333333333,1.5593999369629943,214450.0
0.2,0.533226581265012,0.8358958267963602,0.651105951362581,0.41633333333333333,-1377100.0,-114.75833333333334,1.5661362855790264,216400.0
0.21,0.5415983606557377,0.8293065578914339,0.6552621792487914,0.4066666666666667,-1374975.0,-114.58125,1.5717728543575455,218525.0
0.22,0.5458542713567839,0.8180106683401318,0.6547783498681401,0.398,-1376075.0,-114.67291666666667,1.57952014470589,217425.0
0.23,0.551169276979189,0.8060872293693129,0.6546890927624872,0.3884166666666667,-1376975.0,-114.74791666666667,1.5877588681906478,216525.0
0.24,0.556407447973713,0.7969877627863194,0.6553147574819401,0.3804166666666667,-1377250.0,-114.77083333333333,1.5941785734342644,216250.0
0.25,0.5618556701030928,0.7866331973642925,0.6555105242515361,0.37183333333333335,-1377875.0,-114.82291666666667,1.6013308697259547,215625.0
0.26,0.5684884518637091,0.7800439284593662,0.6576719576719576,0.36441666666666667,-1377100.0,-114.75833333333334,1.60632109089552,216400.0
0.27,0.5748769627372862,0.7696893630373391,0.6581701100080494,0.3555833333333333,-1377575.0,-114.79791666666667,1.613477577631101,215925.0
0.28,0.5801672640382318,0.7618449952933793,0.6587086272381986,0.34875,-1377850.0,-114.82083333333334,1.6189107390281101,215650.0
0.29,0.5851037851037851,0.7518042045811107,0.6580609722603681,0.34125,-1378950.0,-114.9125,1.625551438774703,214550.0
0.3,0.5902414737366194,0.743959836837151,0.6582454192115491,0.33475,-1379425.0,-114.95208333333333,1.6308676418616954,214075.0
0.31,0.5968439806566557,0.7358016943834327,0.6590781337830242,0.3274166666666667,-1379575.0,-114.96458333333334,1.636509449989001,213925.0
0.32,0.603129074315515,0.7257609036711641,0.6587866704642552,0.31958333333333333,-1380475.0,-115.03958333333334,1.6431544774152238,213025.0
0.33,0.6064962726304579,0.7147787888296203,0.656200489701858,0.313,-1382650.0,-115.22083333333333,1.6499396714617163,210850.0
0.34,0.6129382984506659,0.7075619705051773,0.6568598893096417,0.3065833333333333,-1382825.0,-115.23541666666667,1.6548577955853856,210675.0
0.35,0.6207756232686981,0.7031691245685597,0.6594085626011476,0.30083333333333334,-1381825.0,-115.15208333333334,1.6582623423998173,211675.0
0.36,0.6264416315049226,0.6987762786319422,0.6606348264609908,0.29625,-1381525.0,-115.12708333333333,1.6613959450893685,211975.0
0.37,0.6309284277091118,0.6887354879196737,0.6585658565856586,0.28991666666666666,-1383325.0,-115.27708333333334,1.6676030171738836,210175.0
0.38,0.635273471775373,0.6815186695952307,0.6575840145322435,0.28491666666666665,-1384350.0,-115.3625,1.6721503042587116,209150.0
0.39,0.637936176558306,0.6711641041732036,0.6541284403669725,0.27941666666666665,-1386825.0,-115.56875,1.678276320237636,206675.0
0.4,0.6389225181598063,0.6623784122999686,0.6504390694808196,0.2753333333333333,-1389275.0,-115.77291666666666,1.6833239668733762,204225.0
0.41,0.6440259339302253,0.6545340445560088,0.6492374727668845,0.2699166666666667,-1390400.0,-115.86666666666666,1.6882137121433696,203100.0
0.42,0.647244094488189,0.6448070285534986,0.6460232631248035,0.26458333333333334,-1392625.0,-116.05208333333333,1.6939470999079094,200875.0
0.43,0.6518518518518519,0.6350800125509883,0.6433566433566433,0.25875,-1394550.0,-116.2125,1.6997712852560531,198950.0
0.44,0.6570397111913358,0.6281769689363037,0.6422842476740456,0.2539166666666667,-1395500.0,-116.29166666666667,1.7040466022589897,198000.0
0.45,0.6596173212487412,0.6165673046752431,0.6373662017515407,0.24825,-1398575.0,-116.54791666666667,1.7106635304686972,194925.0
0.46,0.6644962302947224,0.608409162221525,0.6352170352170352,0.24316666666666667,-1400075.0,-116.67291666666667,1.7155414155637794,193425.0
0.47,0.6679469273743017,0.6002510197678067,0.6322921831102297,0.23866666666666667,-1401925.0,-116.82708333333333,1.7202749868001548,191575.0
0.48,0.6729537366548043,0.5933479761531221,0.6306486576621644,0.23416666666666666,-1403075.0,-116.92291666666667,1.7244230865344121,190425.0
0.49,0.6780896828290193,0.5836209601506118,0.627318718381113,0.22858333333333333,-1405150.0,-117.09583333333333,1.7300825044900612,188350.0
0.5,0.6835820895522388,0.5748352682773769,0.6245099710243737,0.22333333333333333,-1406900.0,-117.24166666666666,1.7352229906984817,186600.0
0.51,0.6883809523809524,0.566990900533417,0.6218169304886442,0.21875,-1408525.0,-117.37708333333333,1.739775968461812,184975.0
0.52,0.6916796267496111,0.558205208660182,0.6178155929848932,0.21433333333333332,-1410775.0,-117.56458333333333,1.7447017569044798,182725.0
0.53,0.6968488232947746,0.5481644179479134,0.6136283807516684,0.20891666666666667,-1413125.0,-117.76041666666667,1.7503937111397343,180375.0
0.54,0.700530395756834,0.5387511766551616,0.6090812344803122,0.20425,-1415575.0,-117.96458333333334,1.7556207283038425,177925.0
0.55,0.7057837384744342,0.5283966112331346,0.6043423649739817,0.19883333333333333,-1418100.0,-118.175,1.7614127130834927,175400.0
0.56,0.7088006902502157,0.5155318481330404,0.5969118982742961,0.19316666666666665,-1421875.0,-118.48958333333333,1.7683453566224934,171625.0
0.57,0.7140951534015118,0.50392218387198,0.5908756438557763,0.18741666666666668,-1424900.0,-118.74166666666666,1.774714461586608,168600.0
0.58,0.7181818181818181,0.4957640414182617,0.5865973640245035,0.18333333333333332,-1427000.0,-118.91666666666667,1.7791840409317257,166500.0
0.59,0.7238139971817755,0.48352682773768435,0.5797592174567344,0.17741666666666667,-1430275.0,-119.18958333333333,1.7858189715760735,163225.0
0.6,0.7329132331555986,0.4744273611546909,0.576,0.17191666666666666,-1432050.0,-119.3375,1.7909760767306335,161450.0
0.61,0.7368946580129805,0.46313147160338874,0.5687861271676301,0.16691666666666666,-1435350.0,-119.6125,1.7969552696155933,158150.0
0.62,0.7407216494845361,0.4508942579228114,0.5605617320070216,0.16166666666666665,-1439025.0,-119.91875,1.8033698615669294,154475.0
0.63,0.7450455275843599,0.4364606212739253,0.5504550850811238,0.15558333333333332,-1443425.0,-120.28541666666666,1.8108771446615952,150075.0
0.64,0.7509684560044272,0.42579228114213996,0.5434521425710853,0.15058333333333335,-1446375.0,-120.53125,1.8165124836950821,147125.0
0.65,0.7561114269471291,0.41732036397866334,0.537808329963607,0.14658333333333334,-1448700.0,-120.725,1.820979654881393,144800.0
0.66,0.7635933806146572,0.40539692500784436,0.5296167247386759,0.141,-1452000.0,-121.0,1.8272352473215066,141500.0
0.67,0.7695625385089341,0.39190461248823344,0.5193347193347193,0.13525,-1456075.0,-121.33958333333334,1.8341597775559548,137425.0
0.68,0.7769181173436492,0.3780985252588641,0.5086534402701561,0.12925,-1460175.0,-121.68125,1.8412384262451316,133325.0
0.69,0.7830758898589657,0.3658613115782868,0.49871685201026517,0.12408333333333334,-1463900.0,-121.99166666666666,1.8474524616757253,129600.0
0.7,0.7937853107344632,0.35268277376843427,0.48837714533999566,0.118,-1467600.0,-122.3,1.8542299203127737,125900.0
0.71,0.799410029498525,0.3401317853780985,0.4772176975566806,0.113,-1471600.0,-122.63333333333334,1.860484225136344,121900.0
0.72,0.80625,0.32381550047066204,0.4620550705171256,0.10666666666666667,-1476900.0,-123.075,1.8685396663233345,116600.0
0.73,0.8149377593360996,0.3081267649827424,0.4471766848816029,0.10041666666666667,-1481900.0,-123.49166666666666,1.8762795527804128,111600.0
0.74,0.8195422535211268,0.2921242547850643,0.4307194078186445,0.09466666666666666,-1487375.0,-123.94791666666667,1.8839968148709103,106125.0
0.75,0.8255159474671669,0.27612174458738625,0.4138255349165295,0.08883333333333333,-1492800.0,-124.4,1.8916916701146704,100700.0
0.76,0.8288557213930349,0.26137433322874176,0.3974236641221374,0.08375,-1497975.0,-124.83125,1.8986833765358262,95525.0
0.77,0.8384371700105596,0.24913711954816442,0.3841315916787615,0.07891666666666666,-1501900.0,-125.15833333333333,1.9045941878107335,91600.0
0.78,0.8424657534246576,0.23156573580169437,0.36327836573960126,0.073,-1508150.0,-125.67916666666666,1.91281700571441,85350.0
0.79,0.8503144654088051,0.212111703796674,0.33952787543947766,0.06625,-1514950.0,-126.24583333333334,1.9219098567600321,78550.0
0.8,0.8665730337078652,0.19359899592092877,0.316491408053347,0.059333333333333335,-1521125.0,-126.76041666666667,1.9306184487839895,72375.0
0.81,0.881619937694704,0.1775964857232507,0.2956385479237399,0.0535,-1526550.0,-127.2125,1.9380735381814378,66950.0
0.82,0.8934280639431617,0.15782867900847192,0.26826666666666665,0.04691666666666667,-1533625.0,-127.80208333333333,1.9470943434750145,59875.0
0.83,0.8953722334004024,0.1396297458424851,0.24158523344191096,0.041416666666666664,-1540475.0,-128.37291666666667,1.9552257810306117,53025.0
0.84,0.8983451536643026,0.11923438970818952,0.21052631578947367,0.03525,-1548150.0,-129.0125,1.9642828048825596,45350.0
0.85,0.9161849710982659,0.09946658299341073,0.17945089159354657,0.028833333333333332,-1555325.0,-129.61041666666668,1.9731021494700216,38175.0
0.86,0.9381818181818182,0.08095387511766551,0.14904679376083188,0.022916666666666665,-1562100.0,-130.175,1.9812918216886233,31400.0
0.87,0.9473684210526315,0.06212739253216191,0.1166077738515901,0.017416666666666667,-1569300.0,-130.775,1.9894575227147282,24200.0
0.88,0.9577464788732394,0.04267336052714151,0.08170621808350856,0.011833333333333333,-1576800.0,-131.4,1.9978223831269075,16700.0
0.89,0.9871794871794872,0.024160652651396296,0.04716692189892802,0.0065,-1583925.0,-131.99375,2.0057395083009633,9575.0
0.9,1.0,0.01004079071226859,0.019881950916433674,0.0026666666666666666,-1589500.0,-132.45833333333334,2.011695046351495,4000.0
0.91,1.0,0.0018826482585503608,0.003758221108675227,0.0005,-1592750.0,-132.72916666666666,2.015113206715308,750.0
0.92,0.0,0.0,0.0,0.0,-1593500.0,-132.79166666666666,2.0159007592367013,0.0
0.93,0.0,0.0,0.0,0.0,-1593500.0,-132.79166666666666,2.0159007592367013,0.0
0.94,0.0,0.0,0.0,0.0,-1593500.0,-132.79166666666666,2.0159007592367013,0.0
0.95,0.0,0.0,0.0,0.0,-1593500.0,-132.79166666666666,2.0159007592367013,0.0
